{"mean":{"confidence_interval":{"confidence_level":0.95,"lower_bound":18.27711858142754,"upper_bound":18.298937447658112},"point_estimate":18.287020581610218,"standard_error":0.005593535495598013},"median":{"confidence_interval":{"confidence_level":0.95,"lower_bound":18.069065794256634,"upper_bound":18.069247546346784},"point_estimate":18.069247546346784,"standard_error":0.00008689762327115777},"median_abs_dev":{"confidence_interval":{"confidence_level":0.95,"lower_bound":0.055779388322693295,"upper_bound":0.05604885396676527},"point_estimate":0.05604885396676527,"standard_error":0.0009249946684645724},"slope":null,"std_dev":{"confidence_interval":{"confidence_level":0.95,"lower_bound":0.7665051911571693,"upper_bound":1.8251856887682902},"point_estimate":1.2520010102969439,"standard_error":0.30921148465214415}}