{"mean":{"confidence_interval":{"confidence_level":0.95,"lower_bound":395.6543717557675,"upper_bound":396.2220174730776},"point_estimate":395.8971852307686,"standard_error":0.14588350751343696},"median":{"confidence_interval":{"confidence_level":0.95,"lower_bound":391.50384615384615,"upper_bound":391.50384615384615},"point_estimate":391.50384615384615,"standard_error":0.0005536335272392342},"median_abs_dev":{"confidence_interval":{"confidence_level":0.95,"lower_bound":1.186079978942888,"upper_bound":1.186079978942888},"point_estimate":1.186079978942888,"standard_error":0.0001961583644516951},"slope":null,"std_dev":{"confidence_interval":{"confidence_level":0.95,"lower_bound":15.824216793816424,"upper_bound":50.856826862393966},"point_estimate":32.61186091261959,"standard_error":10.576568624563}}