{"mean":{"confidence_interval":{"confidence_level":0.95,"lower_bound":41.085634420394044,"upper_bound":41.17874557160411},"point_estimate":41.12284751743973,"standard_error":0.024471026389300866},"median":{"confidence_interval":{"confidence_level":0.95,"lower_bound":40.67501025851457,"upper_bound":40.69224456298728},"point_estimate":40.67501025851457,"standard_error":0.008078804707012655},"median_abs_dev":{"confidence_interval":{"confidence_level":0.95,"lower_bound":0.6339225164436144,"upper_bound":0.6588657248641471},"point_estimate":0.6588657248641365,"standard_error":0.01139613235432337},"slope":null,"std_dev":{"confidence_interval":{"confidence_level":0.95,"lower_bound":2.084091069282978,"upper_bound":9.01040265805351},"point_estimate":5.492600353247318,"standard_error":2.352740448773592}}